"id","item_type","item_variability","session","response","bs_variance","ws_variance"
1,"Treated",-0.490149996730723,1,0,0.75,0.75
2,"Treated",-0.794340545755219,1,0,0.75,0.75
3,"Untreated",0.0356990775295135,1,0,0.75,0.75
4,"Treated",0.302018822166666,1,0,0.75,0.75
5,"Untreated",0.0868021082626373,1,0,0.75,0.75
6,"Untreated",0.590399151218269,1,0,0.75,0.75
7,"Untreated",-0.395931105376069,1,0,0.75,0.75
8,"Untreated",-0.510826959933373,1,0,0.75,0.75
9,"Treated",-0.38891378712943,1,0,0.75,0.75
10,"Treated",-0.97120772043012,1,0,0.75,0.75
11,"Untreated",-0.107344559575719,1,0,0.75,0.75
12,"Untreated",0.589113565469986,1,0,0.75,0.75
13,"Untreated",-1.10679796484413,1,0,0.75,0.75
14,"Treated",-0.996444217101136,1,0,0.75,0.75
15,"Untreated",-0.951204047881614,1,0,0.75,0.75
16,"Untreated",0.609786277147505,1,0,0.75,0.75
17,"Untreated",0.434159320585374,1,0,0.75,0.75
18,"Treated",1.06515187130812,1,1,0.75,0.75
19,"Untreated",-1.09866548200027,1,0,0.75,0.75
20,"Treated",-0.373665106534483,1,0,0.75,0.75
21,"Treated",0.447942289034249,1,0,0.75,0.75
22,"Untreated",0.926550938162341,1,0,0.75,0.75
23,"Treated",-0.0580016245109052,1,0,0.75,0.75
24,"Untreated",0.461544277481553,1,0,0.75,0.75
25,"Treated",0.187991265230265,1,0,0.75,0.75
26,"Treated",-1.55059972809172,1,0,0.75,0.75
27,"Untreated",-0.624975694353135,1,0,0.75,0.75
28,"Treated",0.947380408583788,1,0,0.75,0.75
29,"Treated",0.160504349419969,1,0,0.75,0.75
30,"Treated",-1.44234019034328,1,0,0.75,0.75
31,"Treated",-0.421212726490766,1,0,0.75,0.75
32,"Treated",-0.73379616242696,1,0,0.75,0.75
33,"Treated",0.650864198554617,1,1,0.75,0.75
34,"Untreated",1.03320151772877,1,0,0.75,0.75
35,"Untreated",-1.04146711384451,1,0,0.75,0.75
36,"Untreated",0.129015701813906,1,0,0.75,0.75
37,"Untreated",-0.20383486759057,1,0,0.75,0.75
38,"Untreated",1.29362445119179,1,0,0.75,0.75
39,"Treated",-0.647494889621819,1,0,0.75,0.75
40,"Untreated",0.647680643640084,1,0,0.75,0.75
41,"Treated",-0.252554857972224,1,0,0.75,0.75
42,"Treated",-0.692771368292575,1,0,0.75,0.75
43,"Treated",0.10266229069448,1,0,0.75,0.75
44,"Untreated",0.293273023359404,1,1,0.75,0.75
45,"Untreated",-0.215793779582618,1,0,0.75,0.75
46,"Untreated",-0.0724212140373048,1,0,0.75,0.75
47,"Treated",-1.19610679534177,1,0,0.75,0.75
48,"Treated",-1.04943796128157,1,0,0.75,0.75
49,"Untreated",-0.102402789124448,1,0,0.75,0.75
50,"Treated",0.621574637402877,1,0,0.75,0.75
51,"Treated",-0.621977677867527,1,0,0.75,0.75
52,"Treated",-0.539282656867213,1,0,0.75,0.75
53,"Untreated",-0.558487890746215,1,0,0.75,0.75
54,"Treated",-0.053949805592906,1,0,0.75,0.75
55,"Untreated",0.0467152977817875,1,0,0.75,0.75
56,"Untreated",-0.748359275363863,1,0,0.75,0.75
57,"Treated",1.21846841449044,1,0,0.75,0.75
58,"Treated",-0.980464081630508,1,0,0.75,0.75
59,"Treated",0.851159890772937,1,0,0.75,0.75
60,"Untreated",2.38806532002244,1,1,0.75,0.75
1,"Treated",-0.490149996730723,2,0,0.75,0.75
2,"Treated",-0.794340545755219,2,0,0.75,0.75
3,"Untreated",0.0356990775295135,2,0,0.75,0.75
4,"Treated",0.302018822166666,2,1,0.75,0.75
5,"Untreated",0.0868021082626373,2,0,0.75,0.75
6,"Untreated",0.590399151218269,2,0,0.75,0.75
7,"Untreated",-0.395931105376069,2,0,0.75,0.75
8,"Untreated",-0.510826959933373,2,0,0.75,0.75
9,"Treated",-0.38891378712943,2,0,0.75,0.75
10,"Treated",-0.97120772043012,2,0,0.75,0.75
11,"Untreated",-0.107344559575719,2,0,0.75,0.75
12,"Untreated",0.589113565469986,2,0,0.75,0.75
13,"Untreated",-1.10679796484413,2,0,0.75,0.75
14,"Treated",-0.996444217101136,2,0,0.75,0.75
15,"Untreated",-0.951204047881614,2,0,0.75,0.75
16,"Untreated",0.609786277147505,2,0,0.75,0.75
17,"Untreated",0.434159320585374,2,0,0.75,0.75
18,"Treated",1.06515187130812,2,0,0.75,0.75
19,"Untreated",-1.09866548200027,2,0,0.75,0.75
20,"Treated",-0.373665106534483,2,0,0.75,0.75
21,"Treated",0.447942289034249,2,0,0.75,0.75
22,"Untreated",0.926550938162341,2,0,0.75,0.75
23,"Treated",-0.0580016245109052,2,0,0.75,0.75
24,"Untreated",0.461544277481553,2,0,0.75,0.75
25,"Treated",0.187991265230265,2,0,0.75,0.75
26,"Treated",-1.55059972809172,2,0,0.75,0.75
27,"Untreated",-0.624975694353135,2,0,0.75,0.75
28,"Treated",0.947380408583788,2,0,0.75,0.75
29,"Treated",0.160504349419969,2,0,0.75,0.75
30,"Treated",-1.44234019034328,2,0,0.75,0.75
31,"Treated",-0.421212726490766,2,0,0.75,0.75
32,"Treated",-0.73379616242696,2,1,0.75,0.75
33,"Treated",0.650864198554617,2,0,0.75,0.75
34,"Untreated",1.03320151772877,2,1,0.75,0.75
35,"Untreated",-1.04146711384451,2,0,0.75,0.75
36,"Untreated",0.129015701813906,2,0,0.75,0.75
37,"Untreated",-0.20383486759057,2,0,0.75,0.75
38,"Untreated",1.29362445119179,2,0,0.75,0.75
39,"Treated",-0.647494889621819,2,0,0.75,0.75
40,"Untreated",0.647680643640084,2,1,0.75,0.75
41,"Treated",-0.252554857972224,2,0,0.75,0.75
42,"Treated",-0.692771368292575,2,0,0.75,0.75
43,"Treated",0.10266229069448,2,0,0.75,0.75
44,"Untreated",0.293273023359404,2,0,0.75,0.75
45,"Untreated",-0.215793779582618,2,0,0.75,0.75
46,"Untreated",-0.0724212140373048,2,1,0.75,0.75
47,"Treated",-1.19610679534177,2,0,0.75,0.75
48,"Treated",-1.04943796128157,2,0,0.75,0.75
49,"Untreated",-0.102402789124448,2,0,0.75,0.75
50,"Treated",0.621574637402877,2,0,0.75,0.75
51,"Treated",-0.621977677867527,2,0,0.75,0.75
52,"Treated",-0.539282656867213,2,0,0.75,0.75
53,"Untreated",-0.558487890746215,2,0,0.75,0.75
54,"Treated",-0.053949805592906,2,0,0.75,0.75
55,"Untreated",0.0467152977817875,2,0,0.75,0.75
56,"Untreated",-0.748359275363863,2,0,0.75,0.75
57,"Treated",1.21846841449044,2,1,0.75,0.75
58,"Treated",-0.980464081630508,2,0,0.75,0.75
59,"Treated",0.851159890772937,2,0,0.75,0.75
60,"Untreated",2.38806532002244,2,0,0.75,0.75
1,"Treated",-0.490149996730723,3,0,0.75,0.75
2,"Treated",-0.794340545755219,3,0,0.75,0.75
3,"Untreated",0.0356990775295135,3,0,0.75,0.75
4,"Treated",0.302018822166666,3,1,0.75,0.75
5,"Untreated",0.0868021082626373,3,0,0.75,0.75
6,"Untreated",0.590399151218269,3,0,0.75,0.75
7,"Untreated",-0.395931105376069,3,0,0.75,0.75
8,"Untreated",-0.510826959933373,3,0,0.75,0.75
9,"Treated",-0.38891378712943,3,0,0.75,0.75
10,"Treated",-0.97120772043012,3,0,0.75,0.75
11,"Untreated",-0.107344559575719,3,0,0.75,0.75
12,"Untreated",0.589113565469986,3,0,0.75,0.75
13,"Untreated",-1.10679796484413,3,0,0.75,0.75
14,"Treated",-0.996444217101136,3,0,0.75,0.75
15,"Untreated",-0.951204047881614,3,0,0.75,0.75
16,"Untreated",0.609786277147505,3,0,0.75,0.75
17,"Untreated",0.434159320585374,3,0,0.75,0.75
18,"Treated",1.06515187130812,3,0,0.75,0.75
19,"Untreated",-1.09866548200027,3,0,0.75,0.75
20,"Treated",-0.373665106534483,3,0,0.75,0.75
21,"Treated",0.447942289034249,3,0,0.75,0.75
22,"Untreated",0.926550938162341,3,1,0.75,0.75
23,"Treated",-0.0580016245109052,3,0,0.75,0.75
24,"Untreated",0.461544277481553,3,0,0.75,0.75
25,"Treated",0.187991265230265,3,0,0.75,0.75
26,"Treated",-1.55059972809172,3,1,0.75,0.75
27,"Untreated",-0.624975694353135,3,0,0.75,0.75
28,"Treated",0.947380408583788,3,0,0.75,0.75
29,"Treated",0.160504349419969,3,0,0.75,0.75
30,"Treated",-1.44234019034328,3,0,0.75,0.75
31,"Treated",-0.421212726490766,3,0,0.75,0.75
32,"Treated",-0.73379616242696,3,0,0.75,0.75
33,"Treated",0.650864198554617,3,0,0.75,0.75
34,"Untreated",1.03320151772877,3,0,0.75,0.75
35,"Untreated",-1.04146711384451,3,0,0.75,0.75
36,"Untreated",0.129015701813906,3,0,0.75,0.75
37,"Untreated",-0.20383486759057,3,0,0.75,0.75
38,"Untreated",1.29362445119179,3,0,0.75,0.75
39,"Treated",-0.647494889621819,3,0,0.75,0.75
40,"Untreated",0.647680643640084,3,1,0.75,0.75
41,"Treated",-0.252554857972224,3,1,0.75,0.75
42,"Treated",-0.692771368292575,3,0,0.75,0.75
43,"Treated",0.10266229069448,3,0,0.75,0.75
44,"Untreated",0.293273023359404,3,0,0.75,0.75
45,"Untreated",-0.215793779582618,3,0,0.75,0.75
46,"Untreated",-0.0724212140373048,3,0,0.75,0.75
47,"Treated",-1.19610679534177,3,0,0.75,0.75
48,"Treated",-1.04943796128157,3,0,0.75,0.75
49,"Untreated",-0.102402789124448,3,0,0.75,0.75
50,"Treated",0.621574637402877,3,0,0.75,0.75
51,"Treated",-0.621977677867527,3,0,0.75,0.75
52,"Treated",-0.539282656867213,3,0,0.75,0.75
53,"Untreated",-0.558487890746215,3,0,0.75,0.75
54,"Treated",-0.053949805592906,3,0,0.75,0.75
55,"Untreated",0.0467152977817875,3,0,0.75,0.75
56,"Untreated",-0.748359275363863,3,0,0.75,0.75
57,"Treated",1.21846841449044,3,0,0.75,0.75
58,"Treated",-0.980464081630508,3,0,0.75,0.75
59,"Treated",0.851159890772937,3,0,0.75,0.75
60,"Untreated",2.38806532002244,3,1,0.75,0.75
1,"Treated",-0.490149996730723,4,0,0.75,0.75
2,"Treated",-0.794340545755219,4,0,0.75,0.75
3,"Untreated",0.0356990775295135,4,0,0.75,0.75
4,"Treated",0.302018822166666,4,0,0.75,0.75
5,"Untreated",0.0868021082626373,4,0,0.75,0.75
6,"Untreated",0.590399151218269,4,0,0.75,0.75
7,"Untreated",-0.395931105376069,4,0,0.75,0.75
8,"Untreated",-0.510826959933373,4,0,0.75,0.75
9,"Treated",-0.38891378712943,4,0,0.75,0.75
10,"Treated",-0.97120772043012,4,1,0.75,0.75
11,"Untreated",-0.107344559575719,4,0,0.75,0.75
12,"Untreated",0.589113565469986,4,0,0.75,0.75
13,"Untreated",-1.10679796484413,4,0,0.75,0.75
14,"Treated",-0.996444217101136,4,1,0.75,0.75
15,"Untreated",-0.951204047881614,4,0,0.75,0.75
16,"Untreated",0.609786277147505,4,0,0.75,0.75
17,"Untreated",0.434159320585374,4,0,0.75,0.75
18,"Treated",1.06515187130812,4,0,0.75,0.75
19,"Untreated",-1.09866548200027,4,0,0.75,0.75
20,"Treated",-0.373665106534483,4,0,0.75,0.75
21,"Treated",0.447942289034249,4,1,0.75,0.75
22,"Untreated",0.926550938162341,4,0,0.75,0.75
23,"Treated",-0.0580016245109052,4,0,0.75,0.75
24,"Untreated",0.461544277481553,4,1,0.75,0.75
25,"Treated",0.187991265230265,4,0,0.75,0.75
26,"Treated",-1.55059972809172,4,0,0.75,0.75
27,"Untreated",-0.624975694353135,4,0,0.75,0.75
28,"Treated",0.947380408583788,4,0,0.75,0.75
29,"Treated",0.160504349419969,4,0,0.75,0.75
30,"Treated",-1.44234019034328,4,0,0.75,0.75
31,"Treated",-0.421212726490766,4,0,0.75,0.75
32,"Treated",-0.73379616242696,4,0,0.75,0.75
33,"Treated",0.650864198554617,4,1,0.75,0.75
34,"Untreated",1.03320151772877,4,1,0.75,0.75
35,"Untreated",-1.04146711384451,4,0,0.75,0.75
36,"Untreated",0.129015701813906,4,0,0.75,0.75
37,"Untreated",-0.20383486759057,4,0,0.75,0.75
38,"Untreated",1.29362445119179,4,0,0.75,0.75
39,"Treated",-0.647494889621819,4,0,0.75,0.75
40,"Untreated",0.647680643640084,4,0,0.75,0.75
41,"Treated",-0.252554857972224,4,0,0.75,0.75
42,"Treated",-0.692771368292575,4,0,0.75,0.75
43,"Treated",0.10266229069448,4,0,0.75,0.75
44,"Untreated",0.293273023359404,4,0,0.75,0.75
45,"Untreated",-0.215793779582618,4,1,0.75,0.75
46,"Untreated",-0.0724212140373048,4,0,0.75,0.75
47,"Treated",-1.19610679534177,4,0,0.75,0.75
48,"Treated",-1.04943796128157,4,0,0.75,0.75
49,"Untreated",-0.102402789124448,4,0,0.75,0.75
50,"Treated",0.621574637402877,4,0,0.75,0.75
51,"Treated",-0.621977677867527,4,1,0.75,0.75
52,"Treated",-0.539282656867213,4,0,0.75,0.75
53,"Untreated",-0.558487890746215,4,0,0.75,0.75
54,"Treated",-0.053949805592906,4,0,0.75,0.75
55,"Untreated",0.0467152977817875,4,0,0.75,0.75
56,"Untreated",-0.748359275363863,4,0,0.75,0.75
57,"Treated",1.21846841449044,4,0,0.75,0.75
58,"Treated",-0.980464081630508,4,0,0.75,0.75
59,"Treated",0.851159890772937,4,1,0.75,0.75
60,"Untreated",2.38806532002244,4,1,0.75,0.75
1,"Treated",-0.490149996730723,5,0,0.75,0.75
2,"Treated",-0.794340545755219,5,0,0.75,0.75
3,"Untreated",0.0356990775295135,5,0,0.75,0.75
4,"Treated",0.302018822166666,5,0,0.75,0.75
5,"Untreated",0.0868021082626373,5,0,0.75,0.75
6,"Untreated",0.590399151218269,5,0,0.75,0.75
7,"Untreated",-0.395931105376069,5,0,0.75,0.75
8,"Untreated",-0.510826959933373,5,1,0.75,0.75
9,"Treated",-0.38891378712943,5,0,0.75,0.75
10,"Treated",-0.97120772043012,5,0,0.75,0.75
11,"Untreated",-0.107344559575719,5,1,0.75,0.75
12,"Untreated",0.589113565469986,5,0,0.75,0.75
13,"Untreated",-1.10679796484413,5,0,0.75,0.75
14,"Treated",-0.996444217101136,5,0,0.75,0.75
15,"Untreated",-0.951204047881614,5,0,0.75,0.75
16,"Untreated",0.609786277147505,5,1,0.75,0.75
17,"Untreated",0.434159320585374,5,0,0.75,0.75
18,"Treated",1.06515187130812,5,0,0.75,0.75
19,"Untreated",-1.09866548200027,5,0,0.75,0.75
20,"Treated",-0.373665106534483,5,0,0.75,0.75
21,"Treated",0.447942289034249,5,0,0.75,0.75
22,"Untreated",0.926550938162341,5,0,0.75,0.75
23,"Treated",-0.0580016245109052,5,0,0.75,0.75
24,"Untreated",0.461544277481553,5,0,0.75,0.75
25,"Treated",0.187991265230265,5,1,0.75,0.75
26,"Treated",-1.55059972809172,5,0,0.75,0.75
27,"Untreated",-0.624975694353135,5,0,0.75,0.75
28,"Treated",0.947380408583788,5,0,0.75,0.75
29,"Treated",0.160504349419969,5,0,0.75,0.75
30,"Treated",-1.44234019034328,5,0,0.75,0.75
31,"Treated",-0.421212726490766,5,0,0.75,0.75
32,"Treated",-0.73379616242696,5,0,0.75,0.75
33,"Treated",0.650864198554617,5,0,0.75,0.75
34,"Untreated",1.03320151772877,5,0,0.75,0.75
35,"Untreated",-1.04146711384451,5,0,0.75,0.75
36,"Untreated",0.129015701813906,5,0,0.75,0.75
37,"Untreated",-0.20383486759057,5,0,0.75,0.75
38,"Untreated",1.29362445119179,5,0,0.75,0.75
39,"Treated",-0.647494889621819,5,1,0.75,0.75
40,"Untreated",0.647680643640084,5,0,0.75,0.75
41,"Treated",-0.252554857972224,5,1,0.75,0.75
42,"Treated",-0.692771368292575,5,0,0.75,0.75
43,"Treated",0.10266229069448,5,1,0.75,0.75
44,"Untreated",0.293273023359404,5,0,0.75,0.75
45,"Untreated",-0.215793779582618,5,0,0.75,0.75
46,"Untreated",-0.0724212140373048,5,0,0.75,0.75
47,"Treated",-1.19610679534177,5,0,0.75,0.75
48,"Treated",-1.04943796128157,5,0,0.75,0.75
49,"Untreated",-0.102402789124448,5,1,0.75,0.75
50,"Treated",0.621574637402877,5,0,0.75,0.75
51,"Treated",-0.621977677867527,5,0,0.75,0.75
52,"Treated",-0.539282656867213,5,1,0.75,0.75
53,"Untreated",-0.558487890746215,5,0,0.75,0.75
54,"Treated",-0.053949805592906,5,0,0.75,0.75
55,"Untreated",0.0467152977817875,5,0,0.75,0.75
56,"Untreated",-0.748359275363863,5,0,0.75,0.75
57,"Treated",1.21846841449044,5,1,0.75,0.75
58,"Treated",-0.980464081630508,5,0,0.75,0.75
59,"Treated",0.851159890772937,5,1,0.75,0.75
60,"Untreated",2.38806532002244,5,0,0.75,0.75
1,"Treated",-0.490149996730723,6,0,0.75,0.75
2,"Treated",-0.794340545755219,6,0,0.75,0.75
3,"Untreated",0.0356990775295135,6,0,0.75,0.75
4,"Treated",0.302018822166666,6,1,0.75,0.75
5,"Untreated",0.0868021082626373,6,1,0.75,0.75
6,"Untreated",0.590399151218269,6,1,0.75,0.75
7,"Untreated",-0.395931105376069,6,0,0.75,0.75
8,"Untreated",-0.510826959933373,6,0,0.75,0.75
9,"Treated",-0.38891378712943,6,0,0.75,0.75
10,"Treated",-0.97120772043012,6,1,0.75,0.75
11,"Untreated",-0.107344559575719,6,0,0.75,0.75
12,"Untreated",0.589113565469986,6,0,0.75,0.75
13,"Untreated",-1.10679796484413,6,0,0.75,0.75
14,"Treated",-0.996444217101136,6,0,0.75,0.75
15,"Untreated",-0.951204047881614,6,0,0.75,0.75
16,"Untreated",0.609786277147505,6,1,0.75,0.75
17,"Untreated",0.434159320585374,6,1,0.75,0.75
18,"Treated",1.06515187130812,6,0,0.75,0.75
19,"Untreated",-1.09866548200027,6,0,0.75,0.75
20,"Treated",-0.373665106534483,6,1,0.75,0.75
21,"Treated",0.447942289034249,6,1,0.75,0.75
22,"Untreated",0.926550938162341,6,1,0.75,0.75
23,"Treated",-0.0580016245109052,6,0,0.75,0.75
24,"Untreated",0.461544277481553,6,0,0.75,0.75
25,"Treated",0.187991265230265,6,1,0.75,0.75
26,"Treated",-1.55059972809172,6,0,0.75,0.75
27,"Untreated",-0.624975694353135,6,0,0.75,0.75
28,"Treated",0.947380408583788,6,1,0.75,0.75
29,"Treated",0.160504349419969,6,1,0.75,0.75
30,"Treated",-1.44234019034328,6,0,0.75,0.75
31,"Treated",-0.421212726490766,6,1,0.75,0.75
32,"Treated",-0.73379616242696,6,0,0.75,0.75
33,"Treated",0.650864198554617,6,0,0.75,0.75
34,"Untreated",1.03320151772877,6,0,0.75,0.75
35,"Untreated",-1.04146711384451,6,0,0.75,0.75
36,"Untreated",0.129015701813906,6,0,0.75,0.75
37,"Untreated",-0.20383486759057,6,0,0.75,0.75
38,"Untreated",1.29362445119179,6,0,0.75,0.75
39,"Treated",-0.647494889621819,6,0,0.75,0.75
40,"Untreated",0.647680643640084,6,0,0.75,0.75
41,"Treated",-0.252554857972224,6,1,0.75,0.75
42,"Treated",-0.692771368292575,6,1,0.75,0.75
43,"Treated",0.10266229069448,6,0,0.75,0.75
44,"Untreated",0.293273023359404,6,0,0.75,0.75
45,"Untreated",-0.215793779582618,6,0,0.75,0.75
46,"Untreated",-0.0724212140373048,6,0,0.75,0.75
47,"Treated",-1.19610679534177,6,0,0.75,0.75
48,"Treated",-1.04943796128157,6,1,0.75,0.75
49,"Untreated",-0.102402789124448,6,0,0.75,0.75
50,"Treated",0.621574637402877,6,1,0.75,0.75
51,"Treated",-0.621977677867527,6,1,0.75,0.75
52,"Treated",-0.539282656867213,6,0,0.75,0.75
53,"Untreated",-0.558487890746215,6,0,0.75,0.75
54,"Treated",-0.053949805592906,6,0,0.75,0.75
55,"Untreated",0.0467152977817875,6,0,0.75,0.75
56,"Untreated",-0.748359275363863,6,0,0.75,0.75
57,"Treated",1.21846841449044,6,1,0.75,0.75
58,"Treated",-0.980464081630508,6,0,0.75,0.75
59,"Treated",0.851159890772937,6,1,0.75,0.75
60,"Untreated",2.38806532002244,6,1,0.75,0.75
1,"Treated",-0.490149996730723,7,0,0.75,0.75
2,"Treated",-0.794340545755219,7,0,0.75,0.75
3,"Untreated",0.0356990775295135,7,0,0.75,0.75
4,"Treated",0.302018822166666,7,0,0.75,0.75
5,"Untreated",0.0868021082626373,7,1,0.75,0.75
6,"Untreated",0.590399151218269,7,0,0.75,0.75
7,"Untreated",-0.395931105376069,7,0,0.75,0.75
8,"Untreated",-0.510826959933373,7,0,0.75,0.75
9,"Treated",-0.38891378712943,7,0,0.75,0.75
10,"Treated",-0.97120772043012,7,1,0.75,0.75
11,"Untreated",-0.107344559575719,7,0,0.75,0.75
12,"Untreated",0.589113565469986,7,1,0.75,0.75
13,"Untreated",-1.10679796484413,7,0,0.75,0.75
14,"Treated",-0.996444217101136,7,0,0.75,0.75
15,"Untreated",-0.951204047881614,7,0,0.75,0.75
16,"Untreated",0.609786277147505,7,1,0.75,0.75
17,"Untreated",0.434159320585374,7,1,0.75,0.75
18,"Treated",1.06515187130812,7,1,0.75,0.75
19,"Untreated",-1.09866548200027,7,0,0.75,0.75
20,"Treated",-0.373665106534483,7,1,0.75,0.75
21,"Treated",0.447942289034249,7,0,0.75,0.75
22,"Untreated",0.926550938162341,7,1,0.75,0.75
23,"Treated",-0.0580016245109052,7,1,0.75,0.75
24,"Untreated",0.461544277481553,7,0,0.75,0.75
25,"Treated",0.187991265230265,7,1,0.75,0.75
26,"Treated",-1.55059972809172,7,0,0.75,0.75
27,"Untreated",-0.624975694353135,7,1,0.75,0.75
28,"Treated",0.947380408583788,7,1,0.75,0.75
29,"Treated",0.160504349419969,7,1,0.75,0.75
30,"Treated",-1.44234019034328,7,0,0.75,0.75
31,"Treated",-0.421212726490766,7,0,0.75,0.75
32,"Treated",-0.73379616242696,7,0,0.75,0.75
33,"Treated",0.650864198554617,7,1,0.75,0.75
34,"Untreated",1.03320151772877,7,1,0.75,0.75
35,"Untreated",-1.04146711384451,7,0,0.75,0.75
36,"Untreated",0.129015701813906,7,1,0.75,0.75
37,"Untreated",-0.20383486759057,7,0,0.75,0.75
38,"Untreated",1.29362445119179,7,1,0.75,0.75
39,"Treated",-0.647494889621819,7,0,0.75,0.75
40,"Untreated",0.647680643640084,7,0,0.75,0.75
41,"Treated",-0.252554857972224,7,1,0.75,0.75
42,"Treated",-0.692771368292575,7,1,0.75,0.75
43,"Treated",0.10266229069448,7,1,0.75,0.75
44,"Untreated",0.293273023359404,7,0,0.75,0.75
45,"Untreated",-0.215793779582618,7,1,0.75,0.75
46,"Untreated",-0.0724212140373048,7,0,0.75,0.75
47,"Treated",-1.19610679534177,7,1,0.75,0.75
48,"Treated",-1.04943796128157,7,0,0.75,0.75
49,"Untreated",-0.102402789124448,7,0,0.75,0.75
50,"Treated",0.621574637402877,7,1,0.75,0.75
51,"Treated",-0.621977677867527,7,0,0.75,0.75
52,"Treated",-0.539282656867213,7,1,0.75,0.75
53,"Untreated",-0.558487890746215,7,0,0.75,0.75
54,"Treated",-0.053949805592906,7,1,0.75,0.75
55,"Untreated",0.0467152977817875,7,0,0.75,0.75
56,"Untreated",-0.748359275363863,7,0,0.75,0.75
57,"Treated",1.21846841449044,7,1,0.75,0.75
58,"Treated",-0.980464081630508,7,1,0.75,0.75
59,"Treated",0.851159890772937,7,0,0.75,0.75
60,"Untreated",2.38806532002244,7,1,0.75,0.75
1,"Treated",-0.490149996730723,8,1,0.75,0.75
2,"Treated",-0.794340545755219,8,0,0.75,0.75
3,"Untreated",0.0356990775295135,8,0,0.75,0.75
4,"Treated",0.302018822166666,8,0,0.75,0.75
5,"Untreated",0.0868021082626373,8,0,0.75,0.75
6,"Untreated",0.590399151218269,8,1,0.75,0.75
7,"Untreated",-0.395931105376069,8,0,0.75,0.75
8,"Untreated",-0.510826959933373,8,0,0.75,0.75
9,"Treated",-0.38891378712943,8,0,0.75,0.75
10,"Treated",-0.97120772043012,8,0,0.75,0.75
11,"Untreated",-0.107344559575719,8,1,0.75,0.75
12,"Untreated",0.589113565469986,8,1,0.75,0.75
13,"Untreated",-1.10679796484413,8,0,0.75,0.75
14,"Treated",-0.996444217101136,8,1,0.75,0.75
15,"Untreated",-0.951204047881614,8,0,0.75,0.75
16,"Untreated",0.609786277147505,8,0,0.75,0.75
17,"Untreated",0.434159320585374,8,1,0.75,0.75
18,"Treated",1.06515187130812,8,1,0.75,0.75
19,"Untreated",-1.09866548200027,8,0,0.75,0.75
20,"Treated",-0.373665106534483,8,1,0.75,0.75
21,"Treated",0.447942289034249,8,1,0.75,0.75
22,"Untreated",0.926550938162341,8,1,0.75,0.75
23,"Treated",-0.0580016245109052,8,0,0.75,0.75
24,"Untreated",0.461544277481553,8,0,0.75,0.75
25,"Treated",0.187991265230265,8,1,0.75,0.75
26,"Treated",-1.55059972809172,8,0,0.75,0.75
27,"Untreated",-0.624975694353135,8,0,0.75,0.75
28,"Treated",0.947380408583788,8,1,0.75,0.75
29,"Treated",0.160504349419969,8,1,0.75,0.75
30,"Treated",-1.44234019034328,8,0,0.75,0.75
31,"Treated",-0.421212726490766,8,0,0.75,0.75
32,"Treated",-0.73379616242696,8,1,0.75,0.75
33,"Treated",0.650864198554617,8,1,0.75,0.75
34,"Untreated",1.03320151772877,8,0,0.75,0.75
35,"Untreated",-1.04146711384451,8,1,0.75,0.75
36,"Untreated",0.129015701813906,8,1,0.75,0.75
37,"Untreated",-0.20383486759057,8,0,0.75,0.75
38,"Untreated",1.29362445119179,8,1,0.75,0.75
39,"Treated",-0.647494889621819,8,1,0.75,0.75
40,"Untreated",0.647680643640084,8,0,0.75,0.75
41,"Treated",-0.252554857972224,8,0,0.75,0.75
42,"Treated",-0.692771368292575,8,1,0.75,0.75
43,"Treated",0.10266229069448,8,1,0.75,0.75
44,"Untreated",0.293273023359404,8,0,0.75,0.75
45,"Untreated",-0.215793779582618,8,0,0.75,0.75
46,"Untreated",-0.0724212140373048,8,0,0.75,0.75
47,"Treated",-1.19610679534177,8,0,0.75,0.75
48,"Treated",-1.04943796128157,8,0,0.75,0.75
49,"Untreated",-0.102402789124448,8,0,0.75,0.75
50,"Treated",0.621574637402877,8,0,0.75,0.75
51,"Treated",-0.621977677867527,8,1,0.75,0.75
52,"Treated",-0.539282656867213,8,1,0.75,0.75
53,"Untreated",-0.558487890746215,8,0,0.75,0.75
54,"Treated",-0.053949805592906,8,1,0.75,0.75
55,"Untreated",0.0467152977817875,8,1,0.75,0.75
56,"Untreated",-0.748359275363863,8,1,0.75,0.75
57,"Treated",1.21846841449044,8,1,0.75,0.75
58,"Treated",-0.980464081630508,8,1,0.75,0.75
59,"Treated",0.851159890772937,8,0,0.75,0.75
60,"Untreated",2.38806532002244,8,1,0.75,0.75
1,"Treated",-0.490149996730723,9,1,0.75,0.75
2,"Treated",-0.794340545755219,9,0,0.75,0.75
3,"Untreated",0.0356990775295135,9,0,0.75,0.75
4,"Treated",0.302018822166666,9,0,0.75,0.75
5,"Untreated",0.0868021082626373,9,1,0.75,0.75
6,"Untreated",0.590399151218269,9,0,0.75,0.75
7,"Untreated",-0.395931105376069,9,0,0.75,0.75
8,"Untreated",-0.510826959933373,9,1,0.75,0.75
9,"Treated",-0.38891378712943,9,1,0.75,0.75
10,"Treated",-0.97120772043012,9,0,0.75,0.75
11,"Untreated",-0.107344559575719,9,0,0.75,0.75
12,"Untreated",0.589113565469986,9,1,0.75,0.75
13,"Untreated",-1.10679796484413,9,0,0.75,0.75
14,"Treated",-0.996444217101136,9,1,0.75,0.75
15,"Untreated",-0.951204047881614,9,0,0.75,0.75
16,"Untreated",0.609786277147505,9,0,0.75,0.75
17,"Untreated",0.434159320585374,9,1,0.75,0.75
18,"Treated",1.06515187130812,9,1,0.75,0.75
19,"Untreated",-1.09866548200027,9,0,0.75,0.75
20,"Treated",-0.373665106534483,9,1,0.75,0.75
21,"Treated",0.447942289034249,9,1,0.75,0.75
22,"Untreated",0.926550938162341,9,0,0.75,0.75
23,"Treated",-0.0580016245109052,9,0,0.75,0.75
24,"Untreated",0.461544277481553,9,0,0.75,0.75
25,"Treated",0.187991265230265,9,1,0.75,0.75
26,"Treated",-1.55059972809172,9,0,0.75,0.75
27,"Untreated",-0.624975694353135,9,0,0.75,0.75
28,"Treated",0.947380408583788,9,1,0.75,0.75
29,"Treated",0.160504349419969,9,1,0.75,0.75
30,"Treated",-1.44234019034328,9,1,0.75,0.75
31,"Treated",-0.421212726490766,9,0,0.75,0.75
32,"Treated",-0.73379616242696,9,1,0.75,0.75
33,"Treated",0.650864198554617,9,0,0.75,0.75
34,"Untreated",1.03320151772877,9,1,0.75,0.75
35,"Untreated",-1.04146711384451,9,0,0.75,0.75
36,"Untreated",0.129015701813906,9,0,0.75,0.75
37,"Untreated",-0.20383486759057,9,0,0.75,0.75
38,"Untreated",1.29362445119179,9,1,0.75,0.75
39,"Treated",-0.647494889621819,9,0,0.75,0.75
40,"Untreated",0.647680643640084,9,1,0.75,0.75
41,"Treated",-0.252554857972224,9,0,0.75,0.75
42,"Treated",-0.692771368292575,9,1,0.75,0.75
43,"Treated",0.10266229069448,9,1,0.75,0.75
44,"Untreated",0.293273023359404,9,0,0.75,0.75
45,"Untreated",-0.215793779582618,9,0,0.75,0.75
46,"Untreated",-0.0724212140373048,9,1,0.75,0.75
47,"Treated",-1.19610679534177,9,0,0.75,0.75
48,"Treated",-1.04943796128157,9,1,0.75,0.75
49,"Untreated",-0.102402789124448,9,0,0.75,0.75
50,"Treated",0.621574637402877,9,0,0.75,0.75
51,"Treated",-0.621977677867527,9,0,0.75,0.75
52,"Treated",-0.539282656867213,9,0,0.75,0.75
53,"Untreated",-0.558487890746215,9,1,0.75,0.75
54,"Treated",-0.053949805592906,9,1,0.75,0.75
55,"Untreated",0.0467152977817875,9,0,0.75,0.75
56,"Untreated",-0.748359275363863,9,0,0.75,0.75
57,"Treated",1.21846841449044,9,0,0.75,0.75
58,"Treated",-0.980464081630508,9,0,0.75,0.75
59,"Treated",0.851159890772937,9,0,0.75,0.75
60,"Untreated",2.38806532002244,9,0,0.75,0.75
1,"Treated",-0.490149996730723,10,0,0.75,0.75
2,"Treated",-0.794340545755219,10,1,0.75,0.75
3,"Untreated",0.0356990775295135,10,0,0.75,0.75
4,"Treated",0.302018822166666,10,1,0.75,0.75
5,"Untreated",0.0868021082626373,10,0,0.75,0.75
6,"Untreated",0.590399151218269,10,1,0.75,0.75
7,"Untreated",-0.395931105376069,10,0,0.75,0.75
8,"Untreated",-0.510826959933373,10,0,0.75,0.75
9,"Treated",-0.38891378712943,10,0,0.75,0.75
10,"Treated",-0.97120772043012,10,0,0.75,0.75
11,"Untreated",-0.107344559575719,10,1,0.75,0.75
12,"Untreated",0.589113565469986,10,1,0.75,0.75
13,"Untreated",-1.10679796484413,10,0,0.75,0.75
14,"Treated",-0.996444217101136,10,0,0.75,0.75
15,"Untreated",-0.951204047881614,10,1,0.75,0.75
16,"Untreated",0.609786277147505,10,1,0.75,0.75
17,"Untreated",0.434159320585374,10,0,0.75,0.75
18,"Treated",1.06515187130812,10,1,0.75,0.75
19,"Untreated",-1.09866548200027,10,0,0.75,0.75
20,"Treated",-0.373665106534483,10,1,0.75,0.75
21,"Treated",0.447942289034249,10,1,0.75,0.75
22,"Untreated",0.926550938162341,10,0,0.75,0.75
23,"Treated",-0.0580016245109052,10,1,0.75,0.75
24,"Untreated",0.461544277481553,10,1,0.75,0.75
25,"Treated",0.187991265230265,10,1,0.75,0.75
26,"Treated",-1.55059972809172,10,1,0.75,0.75
27,"Untreated",-0.624975694353135,10,0,0.75,0.75
28,"Treated",0.947380408583788,10,1,0.75,0.75
29,"Treated",0.160504349419969,10,1,0.75,0.75
30,"Treated",-1.44234019034328,10,1,0.75,0.75
31,"Treated",-0.421212726490766,10,1,0.75,0.75
32,"Treated",-0.73379616242696,10,0,0.75,0.75
33,"Treated",0.650864198554617,10,1,0.75,0.75
34,"Untreated",1.03320151772877,10,1,0.75,0.75
35,"Untreated",-1.04146711384451,10,1,0.75,0.75
36,"Untreated",0.129015701813906,10,1,0.75,0.75
37,"Untreated",-0.20383486759057,10,0,0.75,0.75
38,"Untreated",1.29362445119179,10,1,0.75,0.75
39,"Treated",-0.647494889621819,10,0,0.75,0.75
40,"Untreated",0.647680643640084,10,0,0.75,0.75
41,"Treated",-0.252554857972224,10,0,0.75,0.75
42,"Treated",-0.692771368292575,10,0,0.75,0.75
43,"Treated",0.10266229069448,10,1,0.75,0.75
44,"Untreated",0.293273023359404,10,0,0.75,0.75
45,"Untreated",-0.215793779582618,10,0,0.75,0.75
46,"Untreated",-0.0724212140373048,10,0,0.75,0.75
47,"Treated",-1.19610679534177,10,0,0.75,0.75
48,"Treated",-1.04943796128157,10,1,0.75,0.75
49,"Untreated",-0.102402789124448,10,0,0.75,0.75
50,"Treated",0.621574637402877,10,1,0.75,0.75
51,"Treated",-0.621977677867527,10,0,0.75,0.75
52,"Treated",-0.539282656867213,10,1,0.75,0.75
53,"Untreated",-0.558487890746215,10,1,0.75,0.75
54,"Treated",-0.053949805592906,10,1,0.75,0.75
55,"Untreated",0.0467152977817875,10,1,0.75,0.75
56,"Untreated",-0.748359275363863,10,0,0.75,0.75
57,"Treated",1.21846841449044,10,1,0.75,0.75
58,"Treated",-0.980464081630508,10,0,0.75,0.75
59,"Treated",0.851159890772937,10,1,0.75,0.75
60,"Untreated",2.38806532002244,10,1,0.75,0.75
1,"Treated",-0.490149996730723,11,1,0.75,0.75
2,"Treated",-0.794340545755219,11,1,0.75,0.75
3,"Untreated",0.0356990775295135,11,0,0.75,0.75
4,"Treated",0.302018822166666,11,1,0.75,0.75
5,"Untreated",0.0868021082626373,11,1,0.75,0.75
6,"Untreated",0.590399151218269,11,1,0.75,0.75
7,"Untreated",-0.395931105376069,11,1,0.75,0.75
8,"Untreated",-0.510826959933373,11,0,0.75,0.75
9,"Treated",-0.38891378712943,11,1,0.75,0.75
10,"Treated",-0.97120772043012,11,1,0.75,0.75
11,"Untreated",-0.107344559575719,11,0,0.75,0.75
12,"Untreated",0.589113565469986,11,1,0.75,0.75
13,"Untreated",-1.10679796484413,11,0,0.75,0.75
14,"Treated",-0.996444217101136,11,0,0.75,0.75
15,"Untreated",-0.951204047881614,11,0,0.75,0.75
16,"Untreated",0.609786277147505,11,0,0.75,0.75
17,"Untreated",0.434159320585374,11,0,0.75,0.75
18,"Treated",1.06515187130812,11,1,0.75,0.75
19,"Untreated",-1.09866548200027,11,0,0.75,0.75
20,"Treated",-0.373665106534483,11,1,0.75,0.75
21,"Treated",0.447942289034249,11,1,0.75,0.75
22,"Untreated",0.926550938162341,11,0,0.75,0.75
23,"Treated",-0.0580016245109052,11,0,0.75,0.75
24,"Untreated",0.461544277481553,11,0,0.75,0.75
25,"Treated",0.187991265230265,11,1,0.75,0.75
26,"Treated",-1.55059972809172,11,1,0.75,0.75
27,"Untreated",-0.624975694353135,11,0,0.75,0.75
28,"Treated",0.947380408583788,11,1,0.75,0.75
29,"Treated",0.160504349419969,11,1,0.75,0.75
30,"Treated",-1.44234019034328,11,0,0.75,0.75
31,"Treated",-0.421212726490766,11,1,0.75,0.75
32,"Treated",-0.73379616242696,11,0,0.75,0.75
33,"Treated",0.650864198554617,11,1,0.75,0.75
34,"Untreated",1.03320151772877,11,1,0.75,0.75
35,"Untreated",-1.04146711384451,11,1,0.75,0.75
36,"Untreated",0.129015701813906,11,0,0.75,0.75
37,"Untreated",-0.20383486759057,11,0,0.75,0.75
38,"Untreated",1.29362445119179,11,0,0.75,0.75
39,"Treated",-0.647494889621819,11,0,0.75,0.75
40,"Untreated",0.647680643640084,11,1,0.75,0.75
41,"Treated",-0.252554857972224,11,1,0.75,0.75
42,"Treated",-0.692771368292575,11,1,0.75,0.75
43,"Treated",0.10266229069448,11,1,0.75,0.75
44,"Untreated",0.293273023359404,11,0,0.75,0.75
45,"Untreated",-0.215793779582618,11,0,0.75,0.75
46,"Untreated",-0.0724212140373048,11,0,0.75,0.75
47,"Treated",-1.19610679534177,11,1,0.75,0.75
48,"Treated",-1.04943796128157,11,1,0.75,0.75
49,"Untreated",-0.102402789124448,11,0,0.75,0.75
50,"Treated",0.621574637402877,11,0,0.75,0.75
51,"Treated",-0.621977677867527,11,0,0.75,0.75
52,"Treated",-0.539282656867213,11,0,0.75,0.75
53,"Untreated",-0.558487890746215,11,1,0.75,0.75
54,"Treated",-0.053949805592906,11,1,0.75,0.75
55,"Untreated",0.0467152977817875,11,1,0.75,0.75
56,"Untreated",-0.748359275363863,11,1,0.75,0.75
57,"Treated",1.21846841449044,11,1,0.75,0.75
58,"Treated",-0.980464081630508,11,0,0.75,0.75
59,"Treated",0.851159890772937,11,0,0.75,0.75
60,"Untreated",2.38806532002244,11,1,0.75,0.75
1,"Treated",-0.490149996730723,12,0,0.75,0.75
2,"Treated",-0.794340545755219,12,1,0.75,0.75
3,"Untreated",0.0356990775295135,12,1,0.75,0.75
4,"Treated",0.302018822166666,12,1,0.75,0.75
5,"Untreated",0.0868021082626373,12,0,0.75,0.75
6,"Untreated",0.590399151218269,12,0,0.75,0.75
7,"Untreated",-0.395931105376069,12,0,0.75,0.75
8,"Untreated",-0.510826959933373,12,0,0.75,0.75
9,"Treated",-0.38891378712943,12,0,0.75,0.75
10,"Treated",-0.97120772043012,12,1,0.75,0.75
11,"Untreated",-0.107344559575719,12,0,0.75,0.75
12,"Untreated",0.589113565469986,12,1,0.75,0.75
13,"Untreated",-1.10679796484413,12,0,0.75,0.75
14,"Treated",-0.996444217101136,12,0,0.75,0.75
15,"Untreated",-0.951204047881614,12,1,0.75,0.75
16,"Untreated",0.609786277147505,12,0,0.75,0.75
17,"Untreated",0.434159320585374,12,0,0.75,0.75
18,"Treated",1.06515187130812,12,1,0.75,0.75
19,"Untreated",-1.09866548200027,12,0,0.75,0.75
20,"Treated",-0.373665106534483,12,0,0.75,0.75
21,"Treated",0.447942289034249,12,0,0.75,0.75
22,"Untreated",0.926550938162341,12,1,0.75,0.75
23,"Treated",-0.0580016245109052,12,0,0.75,0.75
24,"Untreated",0.461544277481553,12,0,0.75,0.75
25,"Treated",0.187991265230265,12,1,0.75,0.75
26,"Treated",-1.55059972809172,12,0,0.75,0.75
27,"Untreated",-0.624975694353135,12,0,0.75,0.75
28,"Treated",0.947380408583788,12,1,0.75,0.75
29,"Treated",0.160504349419969,12,0,0.75,0.75
30,"Treated",-1.44234019034328,12,0,0.75,0.75
31,"Treated",-0.421212726490766,12,0,0.75,0.75
32,"Treated",-0.73379616242696,12,1,0.75,0.75
33,"Treated",0.650864198554617,12,1,0.75,0.75
34,"Untreated",1.03320151772877,12,1,0.75,0.75
35,"Untreated",-1.04146711384451,12,0,0.75,0.75
36,"Untreated",0.129015701813906,12,0,0.75,0.75
37,"Untreated",-0.20383486759057,12,0,0.75,0.75
38,"Untreated",1.29362445119179,12,1,0.75,0.75
39,"Treated",-0.647494889621819,12,1,0.75,0.75
40,"Untreated",0.647680643640084,12,0,0.75,0.75
41,"Treated",-0.252554857972224,12,0,0.75,0.75
42,"Treated",-0.692771368292575,12,1,0.75,0.75
43,"Treated",0.10266229069448,12,0,0.75,0.75
44,"Untreated",0.293273023359404,12,1,0.75,0.75
45,"Untreated",-0.215793779582618,12,1,0.75,0.75
46,"Untreated",-0.0724212140373048,12,0,0.75,0.75
47,"Treated",-1.19610679534177,12,1,0.75,0.75
48,"Treated",-1.04943796128157,12,0,0.75,0.75
49,"Untreated",-0.102402789124448,12,0,0.75,0.75
50,"Treated",0.621574637402877,12,1,0.75,0.75
51,"Treated",-0.621977677867527,12,1,0.75,0.75
52,"Treated",-0.539282656867213,12,1,0.75,0.75
53,"Untreated",-0.558487890746215,12,0,0.75,0.75
54,"Treated",-0.053949805592906,12,1,0.75,0.75
55,"Untreated",0.0467152977817875,12,0,0.75,0.75
56,"Untreated",-0.748359275363863,12,1,0.75,0.75
57,"Treated",1.21846841449044,12,1,0.75,0.75
58,"Treated",-0.980464081630508,12,0,0.75,0.75
59,"Treated",0.851159890772937,12,1,0.75,0.75
60,"Untreated",2.38806532002244,12,1,0.75,0.75
1,"Treated",-0.490149996730723,13,1,0.75,0.75
2,"Treated",-0.794340545755219,13,0,0.75,0.75
3,"Untreated",0.0356990775295135,13,0,0.75,0.75
4,"Treated",0.302018822166666,13,1,0.75,0.75
5,"Untreated",0.0868021082626373,13,0,0.75,0.75
6,"Untreated",0.590399151218269,13,1,0.75,0.75
7,"Untreated",-0.395931105376069,13,1,0.75,0.75
8,"Untreated",-0.510826959933373,13,1,0.75,0.75
9,"Treated",-0.38891378712943,13,0,0.75,0.75
10,"Treated",-0.97120772043012,13,1,0.75,0.75
11,"Untreated",-0.107344559575719,13,0,0.75,0.75
12,"Untreated",0.589113565469986,13,1,0.75,0.75
13,"Untreated",-1.10679796484413,13,0,0.75,0.75
14,"Treated",-0.996444217101136,13,0,0.75,0.75
15,"Untreated",-0.951204047881614,13,1,0.75,0.75
16,"Untreated",0.609786277147505,13,1,0.75,0.75
17,"Untreated",0.434159320585374,13,0,0.75,0.75
18,"Treated",1.06515187130812,13,1,0.75,0.75
19,"Untreated",-1.09866548200027,13,0,0.75,0.75
20,"Treated",-0.373665106534483,13,0,0.75,0.75
21,"Treated",0.447942289034249,13,1,0.75,0.75
22,"Untreated",0.926550938162341,13,1,0.75,0.75
23,"Treated",-0.0580016245109052,13,1,0.75,0.75
24,"Untreated",0.461544277481553,13,1,0.75,0.75
25,"Treated",0.187991265230265,13,1,0.75,0.75
26,"Treated",-1.55059972809172,13,1,0.75,0.75
27,"Untreated",-0.624975694353135,13,1,0.75,0.75
28,"Treated",0.947380408583788,13,1,0.75,0.75
29,"Treated",0.160504349419969,13,1,0.75,0.75
30,"Treated",-1.44234019034328,13,1,0.75,0.75
31,"Treated",-0.421212726490766,13,0,0.75,0.75
32,"Treated",-0.73379616242696,13,1,0.75,0.75
33,"Treated",0.650864198554617,13,1,0.75,0.75
34,"Untreated",1.03320151772877,13,0,0.75,0.75
35,"Untreated",-1.04146711384451,13,0,0.75,0.75
36,"Untreated",0.129015701813906,13,0,0.75,0.75
37,"Untreated",-0.20383486759057,13,0,0.75,0.75
38,"Untreated",1.29362445119179,13,1,0.75,0.75
39,"Treated",-0.647494889621819,13,0,0.75,0.75
40,"Untreated",0.647680643640084,13,0,0.75,0.75
41,"Treated",-0.252554857972224,13,1,0.75,0.75
42,"Treated",-0.692771368292575,13,1,0.75,0.75
43,"Treated",0.10266229069448,13,1,0.75,0.75
44,"Untreated",0.293273023359404,13,0,0.75,0.75
45,"Untreated",-0.215793779582618,13,0,0.75,0.75
46,"Untreated",-0.0724212140373048,13,1,0.75,0.75
47,"Treated",-1.19610679534177,13,0,0.75,0.75
48,"Treated",-1.04943796128157,13,1,0.75,0.75
49,"Untreated",-0.102402789124448,13,1,0.75,0.75
50,"Treated",0.621574637402877,13,1,0.75,0.75
51,"Treated",-0.621977677867527,13,1,0.75,0.75
52,"Treated",-0.539282656867213,13,1,0.75,0.75
53,"Untreated",-0.558487890746215,13,0,0.75,0.75
54,"Treated",-0.053949805592906,13,1,0.75,0.75
55,"Untreated",0.0467152977817875,13,1,0.75,0.75
56,"Untreated",-0.748359275363863,13,0,0.75,0.75
57,"Treated",1.21846841449044,13,1,0.75,0.75
58,"Treated",-0.980464081630508,13,0,0.75,0.75
59,"Treated",0.851159890772937,13,1,0.75,0.75
60,"Untreated",2.38806532002244,13,0,0.75,0.75
1,"Treated",-0.490149996730723,14,1,0.75,0.75
2,"Treated",-0.794340545755219,14,0,0.75,0.75
3,"Untreated",0.0356990775295135,14,0,0.75,0.75
4,"Treated",0.302018822166666,14,1,0.75,0.75
5,"Untreated",0.0868021082626373,14,1,0.75,0.75
6,"Untreated",0.590399151218269,14,0,0.75,0.75
7,"Untreated",-0.395931105376069,14,1,0.75,0.75
8,"Untreated",-0.510826959933373,14,0,0.75,0.75
9,"Treated",-0.38891378712943,14,1,0.75,0.75
10,"Treated",-0.97120772043012,14,0,0.75,0.75
11,"Untreated",-0.107344559575719,14,0,0.75,0.75
12,"Untreated",0.589113565469986,14,1,0.75,0.75
13,"Untreated",-1.10679796484413,14,0,0.75,0.75
14,"Treated",-0.996444217101136,14,1,0.75,0.75
15,"Untreated",-0.951204047881614,14,1,0.75,0.75
16,"Untreated",0.609786277147505,14,1,0.75,0.75
17,"Untreated",0.434159320585374,14,1,0.75,0.75
18,"Treated",1.06515187130812,14,1,0.75,0.75
19,"Untreated",-1.09866548200027,14,0,0.75,0.75
20,"Treated",-0.373665106534483,14,1,0.75,0.75
21,"Treated",0.447942289034249,14,1,0.75,0.75
22,"Untreated",0.926550938162341,14,1,0.75,0.75
23,"Treated",-0.0580016245109052,14,1,0.75,0.75
24,"Untreated",0.461544277481553,14,0,0.75,0.75
25,"Treated",0.187991265230265,14,0,0.75,0.75
26,"Treated",-1.55059972809172,14,0,0.75,0.75
27,"Untreated",-0.624975694353135,14,0,0.75,0.75
28,"Treated",0.947380408583788,14,1,0.75,0.75
29,"Treated",0.160504349419969,14,1,0.75,0.75
30,"Treated",-1.44234019034328,14,1,0.75,0.75
31,"Treated",-0.421212726490766,14,0,0.75,0.75
32,"Treated",-0.73379616242696,14,1,0.75,0.75
33,"Treated",0.650864198554617,14,1,0.75,0.75
34,"Untreated",1.03320151772877,14,1,0.75,0.75
35,"Untreated",-1.04146711384451,14,0,0.75,0.75
36,"Untreated",0.129015701813906,14,0,0.75,0.75
37,"Untreated",-0.20383486759057,14,0,0.75,0.75
38,"Untreated",1.29362445119179,14,1,0.75,0.75
39,"Treated",-0.647494889621819,14,1,0.75,0.75
40,"Untreated",0.647680643640084,14,1,0.75,0.75
41,"Treated",-0.252554857972224,14,0,0.75,0.75
42,"Treated",-0.692771368292575,14,0,0.75,0.75
43,"Treated",0.10266229069448,14,1,0.75,0.75
44,"Untreated",0.293273023359404,14,1,0.75,0.75
45,"Untreated",-0.215793779582618,14,1,0.75,0.75
46,"Untreated",-0.0724212140373048,14,1,0.75,0.75
47,"Treated",-1.19610679534177,14,1,0.75,0.75
48,"Treated",-1.04943796128157,14,1,0.75,0.75
49,"Untreated",-0.102402789124448,14,1,0.75,0.75
50,"Treated",0.621574637402877,14,1,0.75,0.75
51,"Treated",-0.621977677867527,14,1,0.75,0.75
52,"Treated",-0.539282656867213,14,1,0.75,0.75
53,"Untreated",-0.558487890746215,14,0,0.75,0.75
54,"Treated",-0.053949805592906,14,0,0.75,0.75
55,"Untreated",0.0467152977817875,14,0,0.75,0.75
56,"Untreated",-0.748359275363863,14,0,0.75,0.75
57,"Treated",1.21846841449044,14,0,0.75,0.75
58,"Treated",-0.980464081630508,14,0,0.75,0.75
59,"Treated",0.851159890772937,14,1,0.75,0.75
60,"Untreated",2.38806532002244,14,1,0.75,0.75
1,"Treated",-0.490149996730723,15,0,0.75,0.75
2,"Treated",-0.794340545755219,15,1,0.75,0.75
3,"Untreated",0.0356990775295135,15,1,0.75,0.75
4,"Treated",0.302018822166666,15,1,0.75,0.75
5,"Untreated",0.0868021082626373,15,1,0.75,0.75
6,"Untreated",0.590399151218269,15,1,0.75,0.75
7,"Untreated",-0.395931105376069,15,0,0.75,0.75
8,"Untreated",-0.510826959933373,15,1,0.75,0.75
9,"Treated",-0.38891378712943,15,0,0.75,0.75
10,"Treated",-0.97120772043012,15,1,0.75,0.75
11,"Untreated",-0.107344559575719,15,0,0.75,0.75
12,"Untreated",0.589113565469986,15,0,0.75,0.75
13,"Untreated",-1.10679796484413,15,0,0.75,0.75
14,"Treated",-0.996444217101136,15,1,0.75,0.75
15,"Untreated",-0.951204047881614,15,0,0.75,0.75
16,"Untreated",0.609786277147505,15,1,0.75,0.75
17,"Untreated",0.434159320585374,15,0,0.75,0.75
18,"Treated",1.06515187130812,15,1,0.75,0.75
19,"Untreated",-1.09866548200027,15,1,0.75,0.75
20,"Treated",-0.373665106534483,15,0,0.75,0.75
21,"Treated",0.447942289034249,15,1,0.75,0.75
22,"Untreated",0.926550938162341,15,0,0.75,0.75
23,"Treated",-0.0580016245109052,15,0,0.75,0.75
24,"Untreated",0.461544277481553,15,1,0.75,0.75
25,"Treated",0.187991265230265,15,0,0.75,0.75
26,"Treated",-1.55059972809172,15,0,0.75,0.75
27,"Untreated",-0.624975694353135,15,0,0.75,0.75
28,"Treated",0.947380408583788,15,1,0.75,0.75
29,"Treated",0.160504349419969,15,0,0.75,0.75
30,"Treated",-1.44234019034328,15,0,0.75,0.75
31,"Treated",-0.421212726490766,15,1,0.75,0.75
32,"Treated",-0.73379616242696,15,1,0.75,0.75
33,"Treated",0.650864198554617,15,1,0.75,0.75
34,"Untreated",1.03320151772877,15,1,0.75,0.75
35,"Untreated",-1.04146711384451,15,0,0.75,0.75
36,"Untreated",0.129015701813906,15,1,0.75,0.75
37,"Untreated",-0.20383486759057,15,0,0.75,0.75
38,"Untreated",1.29362445119179,15,0,0.75,0.75
39,"Treated",-0.647494889621819,15,1,0.75,0.75
40,"Untreated",0.647680643640084,15,0,0.75,0.75
41,"Treated",-0.252554857972224,15,1,0.75,0.75
42,"Treated",-0.692771368292575,15,1,0.75,0.75
43,"Treated",0.10266229069448,15,1,0.75,0.75
44,"Untreated",0.293273023359404,15,1,0.75,0.75
45,"Untreated",-0.215793779582618,15,1,0.75,0.75
46,"Untreated",-0.0724212140373048,15,0,0.75,0.75
47,"Treated",-1.19610679534177,15,1,0.75,0.75
48,"Treated",-1.04943796128157,15,1,0.75,0.75
49,"Untreated",-0.102402789124448,15,0,0.75,0.75
50,"Treated",0.621574637402877,15,1,0.75,0.75
51,"Treated",-0.621977677867527,15,1,0.75,0.75
52,"Treated",-0.539282656867213,15,0,0.75,0.75
53,"Untreated",-0.558487890746215,15,0,0.75,0.75
54,"Treated",-0.053949805592906,15,1,0.75,0.75
55,"Untreated",0.0467152977817875,15,1,0.75,0.75
56,"Untreated",-0.748359275363863,15,0,0.75,0.75
57,"Treated",1.21846841449044,15,1,0.75,0.75
58,"Treated",-0.980464081630508,15,0,0.75,0.75
59,"Treated",0.851159890772937,15,1,0.75,0.75
60,"Untreated",2.38806532002244,15,0,0.75,0.75
